{
	"locations": [
		{
			"name": "Gliderport Lounge",
			"region": "ERC",
			"description": "",
			"capacity":"",
			"utilities": "none",
			"category":	"ERC",
			"level": "level-one",
			"dateUpdated": "2014-03-11T18:37:59.430Z"		
		},
		{
			"name": "Peets",
			"region": "ERC",
			"description": "near HomePlate and RIMAC",
			"capacity":"20",
			"utilities": "couches, acms computers, coffee",
			"category":	"ERC",
			"level": "level-two",
			"dateUpdated": "2014-03-11T18:37:59.430Z"				
		},
		{
			"name": "S&E",
			"region": "Geisel",
			"description": "science and engineering side of Geisel's basement",
			"capacity":"60",
			"utilities": "tables, cell-phone reception, power outlets, group study, natural light",
			"category":	"Libraries",
			"level": "level-four",
			"dateUpdated": "2014-03-11T18:37:59.430Z"	
		},		
		{
			"name": "BML",
			"region": "Med School",
			"description": "biomedical library, cross the footbridge near Urey Hall or come around from the Med School Side of Gilman&Myers",
			"capacity":"100",
			"utilities": "tables, ACMS computers, study rooms",
			"category":	"Libraries",
			"level": "level-two",
			"dateUpdated": "2014-03-11T18:37:59.430Z"			
		},
		{
			"name": "Arts and Humanities",
			"region": "Geisel",
			"description": "basement of Geisel",
			"capacity":"100",
			"utilities": "group study tables, acms computers, access to media reserves",
			"category":	"Libraries",
			"level": "level-three",
			"dateUpdated": "2014-03-11T18:37:59.430Z"				
		},
		{
			"name": "Commuter Lounge",
			"region": "Marshall",
			"description": "below Fireside Lounge/Laundry",
			"capacity":"20",
			"utilities": "couches",
			"category":	"Marshall",
			"level": "level-one",
			"dateUpdated": "2014-03-11T18:37:59.430Z"				
		},
		{
			"name": "Fireside Lounge",
			"region": "Marshall",
			"description": "near Goody's Place & Market",
			"capacity":"20",
			"utilities": "couches, tables",
			"category":	"Marshall",
			"level": "level-one",
			"dateUpdated": "2014-03-11T18:37:59.430Z"				
		},
		{
			"name": "Muir Woods",
			"region": "Muir",
			"description": "below Pines Dining Hall",
			"capacity":"20",
			"utilities": "indoors: couches, coffee; outdoors: study ledges and tables",
			"category":	"Muir",
			"level": "level-two",
			"dateUpdated": "2014-03-11T18:37:59.430Z"				
		},
		{
			"name": "AP&M Basement",
			"region": "Muir",
			"description": "basement of Applied Physics and Mathematics building",
			"capacity":"50",
			"utilities": "acms computer labs, math helproom",
			"category":	"Muir",
			"level": "level-four",
			"dateUpdated": "2014-03-11T18:37:59.430Z"				
		},
		{
			"name": "MOM",
			"region": "Muir",
			"description": "adjacent to Muir Woods Coffee Shop",
			"capacity":"30",
			"utilities": "tables, couches, 2 acms computers, printer",
			"category":	"Muir",
			"level": "level-three",
			"dateUpdated": "2014-03-11T18:37:59.430Z"				
		},
		{
			"name": "Perks",
			"region": "Price Center",
			"description": "ground level floor of bookstore",
			"capacity":"30",
			"utilities": "tables, coffee, coffee-shop music",
			"category":	"Nearby",
			"level": "level-four",
			"dateUpdated": "2014-03-11T18:37:59.430Z"				
		},
		{
			"name": "Cafe Espresso Roma",
			"region": "Price Center",
			"description": "near Subway",
			"capacity":"30",
			"utilities": "tables, coffee, ambient light and music",
			"category":	"Nearby",
			"level": "level-three",
			"dateUpdated": "2014-03-11T18:37:59.430Z"				
		},
		{
			"name": "Cross Cultural Center Lobby",
			"region": "Price Center",
			"description": "above TapEx",
			"capacity":"15",
			"utilities": "acms computers, printer",
			"category":	"Nearby",
			"level": "level-one",
			"dateUpdated": "2014-03-11T18:37:59.430Z"				
		},
		{
			"name": "PC Theatre",
			"region": "Price Center",
			"description": "first floor of PC, hallway by the theater proper",
			"capacity":"15",
			"utilities": "couches, tables",
			"category":	"Nearby",
			"level": "level-two",
			"dateUpdated": "2014-03-11T18:37:59.430Z"				
		},
		{
			"name": "Secret Garden",
			"region": "Mandeville",
			"description": "near the shuttle loop (when you go into the theatre foyer, there's an open kitchen area, and there, a glass sliding door leads to a lone wooden bench and table",
			"capacity":"8",
			"utilities": "tables, quiet",
			"category":	"Other",
			"level": "level-one",
			"dateUpdated": "2014-03-11T18:37:59.430Z"				
		},
		{
			"name": "Women's Center",
			"region": "Old Student Center",
			"description": "above HiThai",
			"capacity":"20",
			"utilities": "printer, couches, tables",
			"category":	"Other",
			"level": "level-one",
			"dateUpdated": "2014-03-11T18:37:59.430Z"				
		},
		{
			"name": "Tree House Lounge",
			"region": "Old Student Center",
			"description": "above General Store Co-Op",
			"capacity":"13",
			"utilities": "acms computers",
			"category":	"Other",
			"level": "level-one",
			"dateUpdated": "2014-03-11T18:37:59.430Z"				
		},
		{
			"name": "LGBTRC",
			"region": "Old Student Center",
			"description": "up the stairs near the Mandeville Coffee Cart",
			"capacity":"30",
			"utilities": "tables, acms computers, printer",
			"category":	"Other",
			"level": "level-two",
			"dateUpdated": "2014-03-11T18:37:59.430Z"				
		},
		{
			"name": "Commuter Lounge",
			"region": "Revelle",
			"description": "ground level floor of Blake Hall",
			"capacity":"15",
			"utilities": "couches, tables",
			"category":	"Revelle",
			"level": "level-one",
			"dateUpdated": "2014-03-11T18:37:59.430Z"				
		},
		{
			"name": "Galbraith Study Hall",
			"region": "Revelle",
			"description": "formerly known as CLICS",
			"capacity":"100",
			"utilities": "tables, bright lighting",
			"category":	"Revelle",
			"level": "level-four",
			"dateUpdated": "2014-03-11T18:37:59.430Z"				
		},
		{
			"name": "Steps",
			"region": "Pepper Canyon",
			"description": "",
			"capacity":"50",
			"utilities": "giant concrete steps, shade from tree, natural light",
			"category":	"Sixth",
			"level": "level-one",
			"dateUpdated": "2014-03-11T18:37:59.430Z"				
		},
		{
			"name": "Couches",
			"region": "CPMC",
			"description": "outside of practice rooms in Conrad Prebys Music Center",
			"capacity":"5",
			"utilities": "couches, quiet",
			"category":	"Sixth",
			"level": "level-one",
			"dateUpdated": "2014-03-11T18:37:59.430Z"				
		},
		{
			"name": "B230",
			"region": "CSE",
			"description": "",
			"capacity":"",
			"utilities": "acms computers",
			"category":	"Warren",
			"level": "level-three",
			"dateUpdated": "2014-03-11T18:37:59.430Z"				
		},
		{
			"name": "B240",
			"region": "CSE",
			"description": "",
			"capacity":"",
			"utilities": "acms computers",
			"category":	"Warren",
			"level": "level-three",
			"dateUpdated": "2014-03-11T18:37:59.430Z"				
		},
		{
			"name": "B250",
			"region": "CSE",
			"description": "",
			"capacity":"",
			"utilities": "acms computers",
			"category":	"Warren",
			"level": "level-two",
			"dateUpdated": "2014-03-11T18:37:59.430Z"				
		},
		{
			"name": "B260",
			"region": "CSE",
			"description": "",
			"capacity":"",
			"utilities": "acms computers",
			"category":	"Warren",
			"level": "level-two",
			"dateUpdated": "2014-03-11T18:37:59.430Z"				
		},
		{
			"name": "B270",
			"region": "CSE",
			"description": "",
			"capacity":"",
			"utilities": "acms computers",
			"category":	"Warren",
			"level": "level-four",
			"dateUpdated": "2014-03-11T18:37:59.430Z"				
		},
		{
			"name": "Courtroom",
			"region": "Warren",
			"description": " A quit study location next to the student activity center. Has wifi, couaches and lighting ",
			"capacity":"",
			"utilities": "couches",
			"category":	"Warren",
			"level": "level-one",
			"dateUpdated": "2014-03-11T18:37:59.430Z"	
		},
		{
		"name": "JK Wood Lounge",
			"region": "Warren",
			"description": " Next to the Warren dinning hall Canyon Vista ",
			"capacity":"large",
			"utilities": "acms computers",
			"category":	"Warren",
			"level": "level-four",
			"dateUpdated": "2014-03-11T18:37:59.430Z"	
        },
		{
			"name": "CSE Building study lounge",
			"region": "CSE, Warren",
			"description": "Open 24/7 in Jacobs school of engineering",
			"capacity":"large",
			"utilities": "lights",
			"category":	"Warren",
			"level": "level-four",
			"dateUpdated": "2014-03-11T18:37:59.430Z"	
		},
		{
			"name": "Yosemite Room",
			"region": "CSE",
			"description": "Open until midnight during finals.",
			"capacity":"large",
			"utilities": "lights, wifi",
			"category":	"Warren",
			"level": "level-four",
			"dateUpdated": "2014-03-11T18:37:59.430Z"	
		},
		{
			"name": "Dogg House",
			"region": "Sixth",
			"description": "Open 24/7 in Sixth college",
			"capacity":"large",
			"utilities": "lights",
			"category":	"Sixth",
			"level": "level-one",
			"dateUpdated": "2014-03-11T18:37:59.430Z"	
		},
		{
			"name": "Commuter Center",
			"region": "Sixth",
			"description": "Open 24/7",
			"capacity":"",
			"utilities": "none",
			"category":	"Sixth",
			"level": "level-one",
			"dateUpdated": "2014-03-11T18:37:59.430Z"	
		},
		{
			"name": "Digital Playroom",
			"region": "Sixth",
			"description": "Open 24/7",
			"capacity":"",
			"utilities": "none",
			"category":	"Sixth",
			"level": "level-one",
			"dateUpdated": "2014-03-11T18:37:59.430Z"	
		},
		{
			"name": "Commuter Lounge",
			"region": "ERC",
			"description": "Open until midnight during finals.",
			"capacity":"",
			"utilities": "none",
			"category":	"ERC",
			"level": "level-two",
			"dateUpdated": "2014-03-11T18:37:59.430Z"	
		},
		{
			"name": "Think Tank",
			"region": "Revelle",
			"description": "Open 8 a.m. to 11 p.m., 24/7 during finals week.",
			"capacity":"",
			"utilities": "none",
			"category":	"Revelle",
			"level": "level-one",
			"dateUpdated": "2014-03-11T18:37:59.430Z"	
		},
		{
			"name": "Tuolumne Apartments lounge",
			"region": "Muir",
			"description": "Open 24/7 during finals week.",
			"capacity":"",
			"utilities": "none",
			"category":	"Muir",
			"level": "level-one",
			"dateUpdated": "2014-03-11T18:37:59.430Z"	
		},
		{
			"name": "Muir College Center",
			"region": "Muir",
			"description": "Open 24/7 during finals week.",
			"capacity":"",
			"utilities": "none",
			"category":	"Muir",
			"level": "level-one",
			"dateUpdated": "2014-03-11T18:37:59.430Z"	
		},
	    {
	    	"name": "Pines",
			"region": "Muir",
			"description": "Open 10 a.m. to 8 p.m.",
			"capacity":"large",
			"utilities": "Lights",
			"category":	"Muir",
			"level": "level-one",
			"dateUpdated": "2014-03-11T18:37:59.430Z"	
		},
		{
			"name": "Pines",
			"region": "Muir",
			"description": "Open 10 a.m. to 8 p.m.",
			"capacity":"large",
			"utilities": "none",
			"category":	"Muir",
			"level": "level-one",
			"dateUpdated": "2014-03-11T18:37:59.430Z"	
		},
		{
			"name": "Barnwood",
			"region": "Revelle",
			"description": "Open 8 a.m. to 11 p.m., 24/7 during finals week.",
			"capacity":"large",
			"utilities": "none",
			"category":	"Revelle",
			"level": "level-one",
			"dateUpdated": "2014-03-11T18:37:59.430Z"	
		},
		{
			"name": "U Lounge",
			"region": "Marshall",
			"description": "Open 24/7 for Residents only",
			"capacity":"large",
			"utilities": "none",
			"category":	"Marshall",
			"level": "level-one",
			"dateUpdated": "2014-03-11T18:37:59.430Z"	
		},
		{
			"name": "P Lounge",
			"region": "Marshall",
			"description": "Open 24/7 for Residents only",
			"capacity":"large",
			"utilities": "none",
			"category":	"Marshall",
			"level": "level-one",
			"dateUpdated": "2014-03-11T18:37:59.430Z"	
		},
		{
			"name": "Q Lounge",
			"region": "Marshall",
			"description": "Open 24/7 for Residents only",
			"capacity": "large",
			"utilities": "none",
			"category":	"Marshall",
			"level": "level-one",
			"dateUpdated": "2014-03-11T18:37:59.430Z"	
		},
		{
			"name": "R Lounge",
			"region": "Marshall",
			"description": "Open 24/7 for Residents only",
			"capacity":"large",
			"utilities": "none",
			"category":	"Marshall",
			"level": "level-one",
			"dateUpdated": "2014-03-11T18:37:59.430Z"	
		}
	]
}